,date,team_1,team_1_score,team_2,team_2_score,field
0,1/01/1992,Brown,12,Cornell,6,@Cornell
1,1/01/1992,Central Florida,4,Cornell,2,@Central Florida
2,1/01/1992,Cornell,10,Massachusetts,5,@Cornell
3,1/01/1992,Cornell,11,Ithaca,3,@Ithaca
4,1/01/1992,Cornell,11,Ithaca,5,@Cornell
5,3/15/1992,Cornell,11,Vermont,10,@Vermont
6,1/01/1992,Cornell,13,Army,7,@Army
7,4/12/1992,Cornell,13,Pennsylvania,11,@Pennsylvania
8,1/01/1992,Cornell,20,Bethune-Cookman,11,@Neutral
9,1/01/1992,Cornell,3,Cortland,2,@Cornell
10,1/01/1992,Cornell,5,Army,4,@Army
11,4/29/1992,Cornell,5,Columbia,3,@Cornell
12,4/19/1992,Cornell,5,Princeton,1,@Princeton
13,4/29/1992,Cornell,6,Columbia,3,@Cornell
14,1/01/1992,Cornell,7,Colgate,1,@Colgate
15,1/01/1992,Cornell,7,Colgate,4,@Colgate
16,1/01/1992,Cornell,8,Ithaca,2,@Cornell
17,1/01/1992,Cornell,8,Rollins,5,@Rollins
18,1/01/1992,Cornell,9,Colgate,5,@Neutral
19,1/01/1992,Cornell,9,Navy,1,@Navy
20,1/01/1992,Cortland,10,Cornell,8,@Cornell
21,5/02/1992,Dartmouth,4,Cornell,3,@Dartmouth
22,5/02/1992,Dartmouth,6,Cornell,2,@Dartmouth
23,5/03/1992,Harvard,11,Cornell,6,@Harvard
24,5/03/1992,Harvard,4,Cornell,3,@Harvard
25,1/01/1992,Illinois-Chicago,15,Cornell,7,@Neutral
26,1/01/1992,LeMoyne,10,Cornell,2,@Cornell
27,1/01/1992,LeMoyne,19,Cornell,3,@Cornell
28,1/01/1992,Lehigh,2,Cornell,1,@Lehigh
29,1/01/1992,Lehigh,5,Cornell,4,@Lehigh
30,1/01/1992,Navy,11,Cornell,2,@Navy
31,4/12/1992,Pennsylvania,18,Cornell,6,@Pennsylvania
32,4/19/1992,Princeton,3,Cornell,1,@Princeton
33,3/18/1992,Vermont,2,Cornell,1,@Vermont
34,1/01/1992,Wisconsin-Parkside,9,Cornell,7,@Neutral
35,1/01/1992,Yale,11,Cornell,4,@Cornell
36,1/01/1992,Yale,7,Cornell,3,@Cornell
37,1/01/1994,Brown,8,Cornell,0,@Brown
38,1/01/1994,Bucknell,8,Cornell,2,@Bucknell
39,1/01/1994,Cornell,10,LeMoyne,9,@LeMoyne
40,1/01/1994,Cornell,3,Brown,1,@Brown
41,1/01/1994,Cornell,4,Dartmouth,3,@Cornell
42,1/01/1994,Cornell,5,Dartmouth,4,@Cornell
43,1/01/1994,Cornell,6,LeMoyne,0,@Cornell
44,1/01/1994,Cornell,9,Bucknell,6,@Bucknell
45,1/01/1994,LeMoyne,4,Cornell,2,@Cornell
46,1/01/1994,Old Dominion,12,Cornell,0,@Old Dominion
47,1/01/1994,Yale,8,Cornell,5,@Yale
48,1/01/1994,Yale,9,Cornell,8,@Yale
49,4/02/1994,Cornell,3,Harvard,2,@Cornell
50,4/02/1994,Cornell,7,Harvard,4,@Cornell
51,4/16/1994,Pennsylvania,12,Cornell,2,@Pennsylvania
52,4/16/1994,Pennsylvania,14,Cornell,0,@Pennsylvania
53,4/17/1994,Pennsylvania,2,Cornell,0,@Pennsylvania
54,4/17/1994,Pennsylvania,3,Cornell,1,@Pennsylvania
55,4/19/1994,Penn State,19,Cornell,7,@Penn State
56,4/19/1994,Penn State,6,Cornell,0,@Penn State
57,4/23/1994,Columbia,10,Cornell,5,@Cornell
58,4/23/1994,Columbia,8,Cornell,2,@Cornell
59,4/24/1994,Columbia,6,Cornell,3,@Cornell
60,4/24/1994,Columbia,7,Cornell,1,@Cornell
61,4/29/1994,Cornell,2,Princeton,1,@Princeton
62,4/29/1994,Princeton,3,Cornell,1,@Princeton
63,5/01/1994,Cornell,1,Princeton,0,@Princeton
64,5/01/1994,Princeton,11,Cornell,4,@Princeton
65,1/01/1995,Brown,8,Cornell,6,@Cornell
66,1/01/1995,Bucknell,7,Cornell,1,@Cornell
67,1/01/1995,Cornell,10,Ithaca,8,@Ithaca
68,1/01/1995,Cornell,11,Colgate,1,@Cornell
69,1/01/1995,Cornell,5,Brown,4,@Cornell
70,1/01/1995,Cornell,5,Bucknell,4,@Cornell
71,1/01/1995,Cornell,5,Yale,4,@Cornell
72,1/01/1995,Cornell,6,Colgate,5,@Cornell
73,1/01/1995,Cornell,7,Ithaca,5,@Ithaca
74,1/01/1995,Cornell,7,Portland State,6,@Neutral
75,1/01/1995,Cornell,8,Cortland,6,@Cortland
76,1/01/1995,Cornell,8,Dartmouth,4,@Dartmouth
77,1/01/1995,Cornell,9,Wagner,5,@Neutral
78,1/01/1995,Dartmouth,8,Cornell,6,@Dartmouth
79,1/01/1995,Ithaca,5,Cornell,2,@Cornell
80,1/01/1995,LeMoyne,3,Cornell,2,@LeMoyne
81,1/01/1995,LeMoyne,8,Cornell,7,@LeMoyne
82,1/01/1995,Rollins,4,Cornell,2,@Rollins
83,1/01/1995,Rollins,6,Cornell,5,@Rollins
84,1/01/1995,Yale,3,Cornell,2,@Cornell
85,3/19/1995,Akron,2,Cornell,0,@Neutral
86,3/20/1995,Akron,9,Cornell,5,@Neutral
87,3/23/1995,Cornell,10,Cleveland State,5,@Neutral
88,4/09/1995,Cornell,3,Harvard,2,@Harvard
89,4/09/1995,Cornell,7,Harvard,4,@Harvard
90,4/15/1995,Pennsylvania,6,Cornell,1,@Cornell
91,4/15/1995,Pennsylvania,9,Cornell,2,@Cornell
92,4/16/1995,Pennsylvania,12,Cornell,4,@Cornell
93,4/16/1995,Pennsylvania,7,Cornell,3,@Cornell
94,4/19/1995,Cornell,5,Penn State,4,@Cornell
95,4/19/1995,Penn State,11,Cornell,5,@Cornell
96,4/22/1995,Columbia,18,Cornell,11,@Columbia
97,4/22/1995,Cornell,13,Columbia,11,@Columbia
98,4/23/1995,Columbia,6,Cornell,5,@Columbia
99,4/23/1995,Cornell,13,Columbia,7,@Columbia
100,4/28/1995,Cornell,3,Princeton,0,@Princeton
101,4/28/1995,Princeton,4,Cornell,1,@Princeton
102,4/30/1995,Cornell,3,Princeton,2,@Princeton
103,4/30/1995,Cornell,5,Princeton,1,@Princeton
104,1/01/1996,Cornell,13,Colgate,6,@Colgate
105,1/01/1996,Cornell,5,Colgate,0,@Cornell
106,1/01/1996,Cornell,6,Colgate,4,@Colgate
107,1/01/1996,Cornell,7,Colgate,3,@Cornell
108,3/16/1996,San Francisco,13,Cornell,1,@neutral
109,3/16/1996,San Francisco,7,Cornell,1,@neutral
110,3/18/1996,San Jose State,9,Cornell,7,@San Jose State
111,3/19/1996,Pacific,25,Cornell,4,@neutral
112,3/20/1996,Pacific,18,Cornell,7,@neutral
113,3/21/1996,Pacific,23,Cornell,13,@neutral
114,4/05/1996,Cornell,6,Harvard,4,@neutral
115,4/05/1996,Harvard,3,Cornell,1,@Cornell
116,4/06/1996,Cornell,11,Dartmouth,5,@neutral
117,4/06/1996,Dartmouth,7,Cornell,6,@neutral
118,4/10/1996,Cornell,11,LeMoyne,4,@neutral
119,4/10/1996,LeMoyne,4,Cornell,0,@neutral
120,4/13/1996,Brown,5,Cornell,4,@neutral
121,4/13/1996,Cornell,8,Brown,2,@neutral
122,4/14/1996,Yale,4,Cornell,2,@neutral
123,4/14/1996,Yale,9,Cornell,4,@neutral
124,4/17/1996,Penn State,11,Cornell,6,@neutral
125,4/17/1996,Penn State,3,Cornell,2,@neutral
126,4/20/1996,Pennsylvania,3,Cornell,2,@neutral
127,4/20/1996,Pennsylvania,5,Cornell,4,@neutral
128,4/21/1996,Pennsylvania,4,Cornell,2,@neutral
129,4/21/1996,Pennsylvania,4,Cornell,3,@neutral
130,4/24/1996,Cornell,8,Lehigh,1,@neutral
131,4/24/1996,Lehigh,1,Cornell,0,@neutral
132,4/27/1996,Cornell,4,Columbia,1,@Cornell
133,4/27/1996,Cornell,8,Columbia,5,@Cornell
134,4/28/1996,Columbia,3,Cornell,1,@Cornell
135,4/28/1996,Cornell,4,Columbia,3,@Cornell
136,5/01/1996,Bucknell,6,Cornell,3,@Bucknell
137,5/01/1996,Cornell,18,Bucknell,3,@Bucknell
138,5/03/1996,Cornell,5,Princeton,2,@Cornell
139,5/03/1996,Princeton,6,Cornell,4,@Cornell
140,5/05/1996,Cornell,8,Princeton,2,@Princeton
141,5/05/1996,Princeton,3,Cornell,1,@Princeton
142,3/15/1997,Dallas Baptist,2,Cornell,1,@neutral
143,3/16/1997,Tarleton State,9,Cornell,6,@neutral
144,3/17/1997,Texas Christian,17,Cornell,1,@neutral
145,3/18/1997,Texas-Arlington,18,Cornell,5,@neutral
146,3/18/1997,Texas-Arlington,9,Cornell,2,@neutral
147,3/19/1997,Baylor,6,Cornell,5,@neutral
148,3/20/1997,Southwest Texas St,6,Cornell,1,@Southwest Texas
149,3/21/1997,Cornell,6,Sam Houston Sta,0,@neutral
150,3/28/1997,Cornell,11,Siena,3,@neutral
151,3/28/1997,Cornell,12,Siena,7,@neutral
152,3/29/1997,Cornell,7,Ithaca,6,@neutral
153,3/29/1997,Cornell,8,Ithaca,1,@neutral
154,4/05/1997,Brown,1,Cornell,0,@neutral
155,4/05/1997,Cornell,8,Brown,3,@neutral
156,4/06/1997,Yale,1,Cornell,0,@neutral
157,4/06/1997,Yale,6,Cornell,3,@neutral
158,4/10/1997,Ithaca,9,Cornell,1,@neutral
159,4/12/1997,Harvard,2,Cornell,1,@Harvard
160,4/12/1997,Harvard,9,Cornell,7,@Harvard
161,4/13/1997,Dartmouth,12,Cornell,7,@neutral
162,4/13/1997,Dartmouth,13,Cornell,3,@neutral
163,4/15/1997,LeMoyne,14,Cornell,8,@neutral
164,4/16/1997,Penn State,5,Cornell,3,@neutral
165,4/16/1997,Penn State,7,Cornell,5,@neutral
166,4/20/1997,Cornell,4,Pennsylvania,3,@neutral
167,4/20/1997,Pennsylvania,5,Cornell,4,@neutral
168,4/21/1997,Cornell,11,Pennsylvania,8,@neutral
169,4/21/1997,Pennsylvania,7,Cornell,4,@neutral
170,4/22/1997,Cornell,10,LeMoyne,4,@neutral
171,4/26/1997,Cornell,5,Columbia,4,@neutral
172,4/26/1997,Cornell,9,Columbia,3,@neutral
173,4/27/1997,Columbia,13,Cornell,12,@neutral
174,4/27/1997,Columbia,21,Cornell,18,@neutral
175,4/30/1997,Bucknell,11,Cornell,1,@neutral
176,4/30/1997,Bucknell,5,Cornell,2,@neutral
177,5/02/1997,Cornell,6,Princeton,3,@neutral
178,5/02/1997,Princeton,2,Cornell,1,@neutral
179,5/04/1997,Cornell,3,Princeton,2,@neutral
180,5/04/1997,Princeton,9,Cornell,3,@neutral
181,3/16/1998,Mercer,18,Cornell,3,@Mercer
182,3/16/1998,Mercer,7,Cornell,4,@Mercer
183,3/19/1998,Georgia State,5,Cornell,0,@Georgia State
184,3/20/1998,Georgia State,15,Cornell,10,@Georgia State
185,3/21/1998,Georgia State,10,Cornell,7,@Georgia State
186,4/04/1998,Cornell,11,Dartmouth,1,@Cornell
187,4/04/1998,Cornell,8,Dartmouth,5,@Cornell
188,4/05/1998,Harvard,3,Cornell,1,@Cornell
189,4/05/1998,Harvard,8,Cornell,3,@Cornell
190,4/07/1998,LeMoyne,8,Cornell,4,@Cornell
191,4/10/1998,Yale,16,Cornell,10,@Yale
192,4/10/1998,Cornell,14,Yale,8,@Yale
193,4/11/1998,Cornell,3,Brown,1,@Brown
194,4/11/1998,Cornell,9,Brown,7,@Brown
195,4/14/1998,Penn State,12,Cornell,3,@Penn State
196,4/18/1998,Pennsylvania,4,Cornell,0,@Pennsylvania
197,4/18/1998,Pennsylvania,7,Cornell,4,@Pennsylvania
198,4/20/1998,Cornell,8,Pennsylvania,6,@Pennsylvania
199,4/20/1998,Cornell,9,Pennsylvania,8,@Pennsylvania
200,4/25/1998,Cornell,6,Columbia,5,@Cornell
201,4/25/1998,Cornell,9,Columbia,6,@Cornell
202,4/27/1998,Cornell,6,Columbia,1,@Cornell
203,4/27/1998,Columbia,6,Cornell,5,@Cornell
204,4/28/1998,Cornell,6,Bucknell,5,@Bucknell
205,4/28/1998,Bucknell,8,Cornell,7,@Bucknell
206,5/01/1998,Cornell,5,Princeton,3,@Cornell
207,5/01/1998,Princeton,8,Cornell,6,@Cornell
208,5/03/1998,Princeton,4,Cornell,3,@Princeton
209,5/03/1998,Cornell,4,Princeton,1,@Princeton
210,3/20/1999,Cornell,14,Iona,6,@neutral
211,3/21/1999,Indiana,12,Cornell,6,@neutral
212,3/22/1999,Florida Atlantic,4,Cornell,2,@Florida Atlanti
213,3/22/1999,Wright State,19,Cornell,4,@neutral
214,3/23/1999,Florida Atlantic,9,Cornell,0,@Florida Atlanti
215,3/24/1999,Barry,4,Cornell,3,@Barry
216,3/25/1999,Wright State,4,Cornell,0,@neutral
217,3/26/1999,Kent,16,Cornell,8,@neutral
218,3/27/1999,Wright State,15,Cornell,6,@neutral
219,3/31/1999,Ithaca,3,Cornell,2,@Ithaca
220,3/31/1999,Ithaca,4,Cornell,3,@Ithaca
221,4/02/1999,Yale,6,Cornell,5,@Cornell
222,4/02/1999,Yale,9,Cornell,8,@Cornell
223,4/03/1999,Brown,7,Cornell,4,@Cornell
224,4/03/1999,Cornell,3,Brown,1,@Cornell
225,4/06/1999,Penn State,11,Cornell,10,@Cornell
226,4/06/1999,Penn State,12,Cornell,2,@Cornell
227,4/10/1999,Cornell,5,Dartmouth,1,@Dartmouth
228,4/10/1999,Dartmouth,9,Cornell,7,@Dartmouth
229,4/11/1999,Harvard,3,Cornell,0,@Harvard
230,4/11/1999,Harvard,5,Cornell,1,@Harvard
231,4/14/1999,Cornell,12,SUNY-Binghamton,7,@Cornell
232,4/14/1999,Cornell,8,SUNY-Binghamton,4,@Cornell
233,4/17/1999,Columbia,11,Cornell,8,@Columbia
234,4/17/1999,Cornell,13,Columbia,11,@Columbia
235,4/18/1999,Cornell,10,Columbia,3,@Columbia
236,4/18/1999,Cornell,13,Columbia,5,@Columbia
237,4/20/1999,LeMoyne,8,Cornell,5,@LeMoyne
238,4/24/1999,Pennsylvania,3,Cornell,2,@Cornell
239,4/24/1999,Pennsylvania,8,Cornell,5,@Cornell
240,4/25/1999,Cornell,17,Pennsylvania,5,@Cornell
241,4/25/1999,Pennsylvania,4,Cornell,1,@Cornell
242,4/27/1999,Cornell,4,Bucknell,3,@Cornell
243,4/27/1999,Cornell,9,Bucknell,7,@Cornell
244,4/30/1999,Cornell,11,Princeton,3,@Princeton
245,4/30/1999,Princeton,4,Cornell,1,@Princeton
246,5/02/1999,Princeton,11,Cornell,1,@Cornell
247,5/02/1999,Princeton,2,Cornell,1,@Cornell
248,5/07/1999,Siena,2,Cornell,0,@Siena
249,5/07/1999,Siena,5,Cornell,4,@Siena
250,3/04/2000,Bucknell,11,Cornell,2,@Bucknell
251,3/04/2000,Cornell,8,Bucknell,6,@Bucknell
252,3/05/2000,Bucknell,3,Cornell,2,@Bucknell
253,3/05/2000,Bucknell,5,Cornell,1,@Bucknell
254,3/18/2000,Central Florida,8,Cornell,1,@Central Florida
255,3/19/2000,Central Florida,13,Cornell,2,@Central Florida
256,3/19/2000,Central Florida,9,Cornell,5,@Central Florida
257,3/21/2000,Stetson,18,Cornell,5,@Stetson
258,3/22/2000,Stetson,14,Cornell,9,@Stetson
259,3/23/2000,Rollins,3,Cornell,2,@Rollins
260,3/24/2000,Army,5,Cornell,3,@neutral
261,4/01/2000,Harvard,2,Cornell,1,@Cornell
262,4/01/2000,Harvard,9,Cornell,6,@Cornell
263,4/03/2000,Cornell,3,Dartmouth,1,@Cornell
264,4/03/2000,Dartmouth,5,Cornell,3,@Cornell
265,4/04/2000,Penn State,12,Cornell,9,@Penn State
266,4/04/2000,Penn State,13,Cornell,3,@Penn State
267,4/08/2000,Brown,8,Cornell,4,@Brown
268,4/08/2000,Cornell,4,Brown,3,@Brown
269,4/10/2000,Cornell,6,Yale,3,@Yale
270,4/10/2000,Cornell,7,Yale,6,@Yale
271,4/13/2000,Cornell,10,Ithaca,6,@Cornell
272,4/15/2000,Pennsylvania,4,Cornell,0,@Pennsylvania
273,4/15/2000,Pennsylvania,6,Cornell,2,@Pennsylvania
274,4/16/2000,Cornell,5,Pennsylvania,3,@Pennsylvania
275,4/16/2000,Pennsylvania,10,Cornell,2,@Pennsylvania
276,4/19/2000,LeMoyne,5,Cornell,0,@Cornell
277,4/19/2000,LeMoyne,8,Cornell,2,@Cornell
278,4/21/2000,Cornell,5,Columbia,4,@Cornell
279,4/23/2000,Columbia,6,Cornell,2,@Cornell
280,4/23/2000,Cornell,16,Columbia,5,@Cornell
281,4/24/2000,Cornell,11,Columbia,0,@Cornell
282,4/26/2000,LeMoyne,10,Cornell,1,@LeMoyne
283,4/28/2000,Cornell,23,Princeton,3,@Cornell
284,4/28/2000,Cornell,4,Princeton,3,@Cornell
285,4/30/2000,Cornell,11,Princeton,10,@Princeton
286,4/30/2000,Princeton,7,Cornell,4,@Princeton
287,5/03/2000,Cornell,13,Siena,12,@Cornell
288,5/03/2000,Cornell,5,Siena,4,@Cornell
289,3/03/2001,Bucknell,4,Cornell,1,@Bucknell
290,3/03/2001,Bucknell,8,Cornell,7,@Bucknell
291,3/18/2001,Wisconsin-Milwauke,8,Cornell,0,@neutral
292,3/19/2001,Cornell,13,Northeastern,9,@neutral
293,3/20/2001,Cornell,10,Bloomfield,4,@neutral
294,3/21/2001,"Miami, Florida",2,Cornell,1,"@Miami, Florida"
295,3/22/2001,Stony Brook,12,Cornell,2,@neutral
296,3/23/2001,Cornell,6,Hartford,2,@neutral
297,3/24/2001,Cornell,5,Drexel,2,@neutral
298,4/01/2001,Cornell,14,Yale,5,@Yale
299,4/01/2001,Yale,6,Cornell,4,@Yale
300,4/04/2001,Penn State,13,Cornell,1,@Cornell
301,4/04/2001,Penn State,26,Cornell,4,@Cornell
302,4/07/2001,Cornell,3,Harvard,1,@Harvard
303,4/07/2001,Harvard,17,Cornell,5,@Harvard
304,4/09/2001,Dartmouth,11,Cornell,4,@neutral
305,4/09/2001,Dartmouth,12,Cornell,11,@neutral
306,4/10/2001,Binghamton,10,Cornell,3,@Cornell
307,4/10/2001,Binghamton,13,Cornell,8,@Cornell
308,4/13/2001,Cornell,5,Pennsylvania,2,@Cornell
309,4/13/2001,Cornell,9,Pennsylvania,6,@Cornell
310,4/14/2001,Pennsylvania,10,Cornell,2,@Cornell
311,4/14/2001,Pennsylvania,6,Cornell,1,@Cornell
312,4/17/2001,LeMoyne,3,Cornell,1,@LeMoyne
313,4/17/2001,LeMoyne,6,Cornell,4,@LeMoyne
314,4/21/2001,Columbia,16,Cornell,3,@Columbia
315,4/21/2001,Cornell,7,Columbia,5,@Columbia
316,4/22/2001,Columbia,10,Cornell,9,@Columbia
317,4/22/2001,Cornell,5,Columbia,4,@Columbia
318,4/25/2001,Ithaca,12,Cornell,11,@Ithaca
319,4/27/2001,Princeton,20,Cornell,17,@Princeton
320,4/27/2001,Princeton,5,Cornell,1,@Princeton
321,4/29/2001,Cornell,6,Princeton,3,@Cornell
322,4/29/2001,Princeton,2,Cornell,1,@Cornell
323,5/02/2001,Brown,14,Cornell,5,@Cornell
324,5/02/2001,Brown,7,Cornell,1,@Cornell
325,5/03/2001,Cornell,8,Siena,6,@Siena
326,5/03/2001,Siena,5,Cornell,2,@Siena
327,3/02/2002,Bucknell,3,Cornell,1,@Bucknell
328,3/02/2002,Bucknell,6,Cornell,5,@Bucknell
329,3/03/2002,Bucknell,6,Cornell,2,@Bucknell
330,3/03/2002,Bucknell,7,Cornell,6,@Bucknell
331,3/09/2002,Cornell,10,Lafayette,8,@Lafayette
332,3/09/2002,Lafayette,8,Cornell,6,@Lafayette
333,3/16/2002,Cornell,13,Chicago State,1,@neutral
334,3/16/2002,Wisconsin-Milwauke,9,Cornell,8,@neutral
335,3/17/2002,Florida Atlantic,18,Cornell,7,@Florida Atlanti
336,3/19/2002,Cornell,8,Rider,3,@neutral
337,3/20/2002,Cornell,12,Drexel,10,@neutral
338,3/21/2002,Rider,14,Cornell,7,@neutral
339,3/23/2002,Cornell,3,Northwestern,2,@neutral
340,3/23/2002,Ohio State,4,Cornell,3,@neutral
341,3/30/2002,Cornell,7,Ithaca,6,@Cornell
342,3/30/2002,Ithaca,6,Cornell,5,@Cornell
343,4/02/2002,Penn State,9,Cornell,6,@Penn State
344,4/07/2002,Harvard,12,Cornell,7,@Cornell
345,4/07/2002,Harvard,6,Cornell,2,@Cornell
346,4/08/2002,Cornell,3,Dartmouth,2,@Cornell
347,4/08/2002,Dartmouth,11,Cornell,4,@Cornell
348,4/09/2002,Cornell,6,Binghamton,5,@Binghamton
349,4/09/2002,Cornell,9,Binghamton,1,@Binghamton
350,4/13/2002,Cornell,5,Yale,1,@Yale
351,4/13/2002,Yale,9,Cornell,3,@Yale
352,4/14/2002,Brown,19,Cornell,11,@Brown
353,4/14/2002,Brown,9,Cornell,1,@Brown
354,4/17/2002,LeMoyne,13,Cornell,3,@Cornell
355,4/17/2002,LeMoyne,8,Cornell,6,@Cornell
356,4/20/2002,Pennsylvania,12,Cornell,11,@Pennsylvania
357,4/20/2002,Pennsylvania,5,Cornell,0,@Pennsylvania
358,4/21/2002,Pennsylvania,17,Cornell,4,@Pennsylvania
359,4/21/2002,Pennsylvania,2,Cornell,1,@Pennsylvania
360,4/23/2002,LeMoyne,7,Cornell,5,@LeMoyne
361,4/23/2002,LeMoyne,8,Cornell,7,@LeMoyne
362,4/27/2002,Columbia,6,Cornell,0,@Cornell
363,4/27/2002,Cornell,9,Columbia,6,@Cornell
364,4/28/2002,Columbia,4,Cornell,2,@Cornell
365,4/28/2002,Cornell,7,Columbia,6,@Cornell
366,5/01/2002,Cornell,5,Siena,2,@Cornell
367,5/01/2002,Siena,7,Cornell,6,@Cornell
368,5/03/2002,Cornell,9,Princeton,7,@Cornell
369,5/03/2002,Princeton,6,Cornell,1,@Cornell
370,5/05/2002,Cornell,4,Princeton,2,@Princeton
371,5/05/2002,Princeton,5,Cornell,1,@Princeton
372,3/08/2003,George Mason,5,Cornell,1,@George Mason
373,3/09/2003,George Mason,11,Cornell,4,@George Mason
374,3/09/2003,George Mason,6,Cornell,2,@George Mason
375,3/14/2003,Cornell,5,Virginia Tech,3,@Virginia Tech
376,3/15/2003,Virginia Tech,3,Cornell,1,@Virginia Tech
377,3/15/2003,Virginia Tech,8,Cornell,2,@Virginia Tech
378,3/17/2003,Elon,12,Cornell,1,@Elon
379,3/18/2003,North Carolina-Gre,5,Cornell,1,@North Carolina-
380,3/22/2003,Cornell,10,Delaware State,5,@Delaware State
381,3/22/2003,Cornell,7,Delaware State,4,@Delaware State
382,3/23/2003,Cornell,4,Delaware State,1,@Delaware State
383,3/25/2003,Cornell,4,Penn State,3,@Cornell
384,3/25/2003,Cornell,5,Penn State,2,@Cornell
385,4/05/2003,Cornell,5,Yale,4,@Cornell
386,4/05/2003,Yale,4,Cornell,3,@Cornell
387,4/06/2003,Brown,3,Cornell,2,@Cornell
388,4/06/2003,Cornell,7,Brown,6,@Cornell
389,4/10/2003,Cornell,12,Binghamton,6,@Cornell
390,4/12/2003,Dartmouth,20,Cornell,5,@Dartmouth
391,4/12/2003,Dartmouth,7,Cornell,5,@Dartmouth
392,4/13/2003,Cornell,12,Harvard,0,@Harvard
393,4/13/2003,Harvard,3,Cornell,1,@Harvard
394,4/16/2003,LeMoyne,23,Cornell,4,@Cornell
395,4/18/2003,Columbia,5,Cornell,4,@Columbia
396,4/18/2003,Cornell,10,Columbia,7,@Columbia
397,4/19/2003,Cornell,6,Columbia,2,@Columbia
398,4/19/2003,Cornell,7,Columbia,1,@Columbia
399,4/26/2003,Pennsylvania,6,Cornell,3,@Cornell
400,4/26/2003,Pennsylvania,7,Cornell,5,@Cornell
401,4/27/2003,Cornell,12,Pennsylvania,2,@Cornell
402,4/27/2003,Cornell,2,Pennsylvania,1,@Cornell
403,4/29/2003,Siena,5,Cornell,1,@Siena
404,5/02/2003,Cornell,2,Princeton,0,@Princeton
405,5/02/2003,Princeton,19,Cornell,2,@Princeton
406,5/04/2003,Princeton,4,Cornell,0,@Cornell
407,5/04/2003,Princeton,9,Cornell,3,@Cornell
408,3/05/2004,LaSalle,8,Cornell,7,@LaSalle
409,3/07/2004,Cornell,3,Villanova,2,@Villanova
410,3/07/2004,Villanova,4,Cornell,2,@Villanova
411,3/13/2004,Cornell,13,St. Joseph's,4,@St. Joseph's
412,3/13/2004,Cornell,6,St. Joseph's,3,@St. Joseph's
413,3/14/2004,Villanova,7,Cornell,6,@Villanova
414,3/21/2004,UC Santa Barbara,12,Cornell,1,@UC Santa Barbar
415,3/22/2004,UC Santa Barbara,12,Cornell,6,@UC Santa Barbar
416,3/23/2004,Cal Poly,8,Cornell,1,@Cal Poly
417,3/24/2004,Cal Poly,4,Cornell,1,@Cal Poly
418,3/25/2004,UC Santa Barbara,31,Cornell,3,@UC Santa Barbar
419,3/26/2004,UC Santa Barbara,11,Cornell,1,@UC Santa Barbar
420,3/27/2004,UC Santa Barbara,5,Cornell,1,@UC Santa Barbar
421,3/30/2004,Penn State,2,Cornell,1,@Penn State
422,3/30/2004,Penn State,9,Cornell,1,@Penn State
423,4/03/2004,Cornell,7,Harvard,3,@Cornell
424,4/03/2004,Harvard,2,Cornell,0,@Cornell
425,4/06/2004,Binghamton,11,Cornell,3,@Cornell
426,4/06/2004,Binghamton,13,Cornell,5,@Cornell
427,4/09/2004,Brown,10,Cornell,7,@Brown
428,4/09/2004,Brown,14,Cornell,10,@Brown
429,4/10/2004,Yale,6,Cornell,2,@Yale
430,4/10/2004,Yale,6,Cornell,3,@Yale
431,4/14/2004,Dartmouth,13,Cornell,6,@Cornell
432,4/14/2004,Dartmouth,8,Cornell,1,@Cornell
433,4/15/2004,Cornell,7,LeMoyne,4,@LeMoyne
434,4/17/2004,Cornell,9,Pennsylvania,2,@Pennsylvania
435,4/17/2004,Pennsylvania,3,Cornell,2,@Pennsylvania
436,4/18/2004,Cornell,5,Pennsylvania,1,@Pennsylvania
437,4/18/2004,Cornell,6,Pennsylvania,4,@Pennsylvania
438,4/21/2004,Cornell,4,LeMoyne,2,@Cornell
439,4/21/2004,LeMoyne,4,Cornell,0,@Cornell
440,4/24/2004,Columbia,5,Cornell,4,@Cornell
441,4/24/2004,Cornell,5,Columbia,0,@Cornell
442,4/25/2004,Columbia,3,Cornell,0,@Cornell
443,4/28/2004,Cornell,2,Siena,1,@Cornell
444,4/28/2004,Siena,10,Cornell,9,@Cornell
445,4/30/2004,Cornell,7,Princeton,5,@Cornell
446,4/30/2004,Princeton,14,Cornell,2,@Cornell
447,5/02/2004,Princeton,3,Cornell,2,@Princeton
448,5/02/2004,Princeton,4,Cornell,1,@Princeton
449,5/03/2004,Cornell,8,Columbia,7,@Cornell
450,3/12/2005,West Virginia,6,Cornell,5,@neutral
451,3/12/2005,Cornell,7,West Virginia,5,@neutral
452,3/13/2005,Cornell,6,West Virginia,1,@neutral
453,3/19/2005,Illinois State,2,Cornell,1,@neutral
454,3/20/2005,Northwestern,8,Cornell,7,@neutral
455,3/21/2005,Cornell,8,Wisconsin-Milwa,7,@neutral
456,3/22/2005,Cornell,6,Wisconsin-Milwa,5,@neutral
457,3/24/2005,Illinois,16,Cornell,2,@neutral
458,3/24/2005,Ohio State,6,Cornell,4,@neutral
459,3/25/2005,Illinois,12,Cornell,0,@neutral
460,3/26/2005,Ohio State,11,Cornell,2,@neutral
461,4/05/2005,Yale,11,Cornell,2,@Cornell
462,4/05/2005,Cornell,4,Yale,3,@Cornell
463,4/06/2005,Cornell,3,Binghamton,2,@Cornell
464,4/06/2005,Binghamton,11,Cornell,2,@Cornell
465,4/09/2005,Harvard,3,Cornell,1,@Harvard
466,4/09/2005,Harvard,2,Cornell,1,@Harvard
467,4/10/2005,Dartmouth,6,Cornell,2,@Dartmouth
468,4/10/2005,Dartmouth,4,Cornell,3,@Dartmouth
469,4/12/2005,LeMoyne,14,Cornell,2,@Cornell
470,4/12/2005,Cornell,2,LeMoyne,0,@Cornell
471,4/16/2005,Cornell,5,Columbia,3,@Columbia
472,4/16/2005,Cornell,9,Columbia,6,@Columbia
473,4/17/2005,Columbia,10,Cornell,4,@Columbia
474,4/17/2005,Cornell,10,Columbia,4,@Columbia
475,4/20/2005,Brown,16,Cornell,5,@Cornell
476,4/21/2005,Cornell,8,Brown,6,@Cornell
477,4/23/2005,Cornell,13,Pennsylvania,1,@Cornell
478,4/23/2005,Cornell,5,Pennsylvania,1,@Cornell
479,4/24/2005,Cornell,7,Pennsylvania,1,@Cornell
480,4/24/2005,Cornell,2,Pennsylvania,1,@Cornell
481,4/26/2005,Siena,1,Cornell,0,@Siena
482,4/26/2005,Siena,5,Cornell,4,@Siena
483,4/29/2005,Cornell,5,Princeton,3,@Princeton
484,4/29/2005,Princeton,8,Cornell,3,@Princeton
485,5/01/2005,Cornell,4,Princeton,3,@Cornell
486,5/01/2005,Princeton,7,Cornell,6,@Cornell
487,5/04/2005,LeMoyne,6,Cornell,1,@LeMoyne
488,5/04/2005,LeMoyne,2,Cornell,0,@LeMoyne
489,5/09/2005,Harvard,2,Cornell,0,@Harvard
490,5/09/2005,Harvard,4,Cornell,2,@Harvard
491,3/04/2006,Cornell,6,Bucknell,4,@Bucknell
492,3/04/2006,Bucknell,10,Cornell,4,@Bucknell
493,3/05/2006,Bucknell,3,Cornell,1,@Bucknell
494,3/05/2006,Bucknell,9,Cornell,6,@Bucknell
495,3/10/2006,Villanova,7,Cornell,5,@Villanova
496,3/11/2006,Cornell,6,LaSalle,1,@LaSalle
497,3/18/2006,Cornell,8,Eastern Kentuck,7,@neutral
498,3/18/2006,Bradley,24,Cornell,2,@neutral
499,3/19/2006,Cornell,12,Vermont,6,@neutral
500,3/20/2006,Ohio State,12,Cornell,4,@neutral
501,3/21/2006,Ohio State,6,Cornell,0,@neutral
502,3/23/2006,Illinois,6,Cornell,4,@neutral
503,3/24/2006,Illinois,19,Cornell,12,@neutral
504,4/01/2006,Cornell,2,Dartmouth,1,@Cornell
505,4/01/2006,Dartmouth,16,Cornell,6,@Cornell
506,4/02/2006,Harvard,14,Cornell,3,@Cornell
507,4/02/2006,Harvard,12,Cornell,6,@Cornell
508,4/05/2006,Binghamton,8,Cornell,3,@Binghamton
509,4/09/2006,Yale,7,Cornell,0,@Yale
510,4/09/2006,Yale,5,Cornell,4,@Yale
511,4/10/2006,Brown,9,Cornell,2,@Brown
512,4/10/2006,Brown,5,Cornell,4,@Brown
513,4/11/2006,LeMoyne,2,Cornell,0,@Cornell
514,4/11/2006,LeMoyne,19,Cornell,5,@Cornell
515,4/15/2006,Cornell,10,Pennsylvania,1,@Pennsylvania
516,4/15/2006,Cornell,23,Pennsylvania,10,@Pennsylvania
517,4/16/2006,Pennsylvania,11,Cornell,6,@Pennsylvania
518,4/16/2006,Cornell,17,Pennsylvania,3,@Pennsylvania
519,4/19/2006,LeMoyne,15,Cornell,3,@LeMoyne
520,4/19/2006,LeMoyne,6,Cornell,4,@LeMoyne
521,4/23/2006,Columbia,7,Cornell,3,@Cornell
522,4/23/2006,Cornell,10,Columbia,6,@Cornell
523,4/24/2006,Columbia,10,Cornell,4,@Cornell
524,4/24/2006,Cornell,11,Columbia,2,@Cornell
525,4/25/2006,Siena,14,Cornell,3,@Cornell
526,4/28/2006,Princeton,3,Cornell,0,@Cornell
527,4/28/2006,Princeton,12,Cornell,8,@Cornell
528,4/30/2006,Princeton,4,Cornell,3,@Princeton
529,4/30/2006,Princeton,12,Cornell,2,@Princeton
530,3/03/2007,Bucknell,1,Cornell,0,@neutral
531,3/03/2007,Bucknell,2,Cornell,1,@neutral
532,3/04/2007,Bucknell,11,Cornell,7,@neutral
533,3/04/2007,Cornell,8,Bucknell,4,@neutral
534,3/10/2007,Cornell,6,LaSalle,4,@LaSalle
535,3/10/2007,Cornell,7,LaSalle,3,@LaSalle
536,3/11/2007,Villanova,10,Cornell,9,@Villanova
537,3/17/2007,Cornell,7,Lehigh,6,@neutral
538,3/17/2007,Cornell,8,Davidson,6,@Davidson
539,3/18/2007,Davidson,7,Cornell,5,@Davidson
540,3/20/2007,North Carolina-Gre,13,Cornell,12,@North Carolina-
541,3/21/2007,North Carolina-Gre,7,Cornell,2,@North Carolina-
542,3/22/2007,North Carolina A&T,8,Cornell,5,@North Carolina
543,3/24/2007,Army,3,Cornell,2,@Army
544,3/24/2007,Cornell,2,Army,0,@Army
545,3/25/2007,Army,16,Cornell,5,@Army
546,3/31/2007,Cornell,5,Yale,0,@Cornell
547,3/31/2007,Yale,6,Cornell,5,@Cornell
548,4/01/2007,Cornell,2,Brown,1,@Cornell
549,4/02/2007,Cornell,5,Brown,4,@Cornell
550,4/04/2007,LeMoyne,11,Cornell,8,@Cornell
551,4/07/2007,Cornell,12,Dartmouth,3,@Dartmouth
552,4/07/2007,Cornell,4,Dartmouth,2,@Dartmouth
553,4/08/2007,Harvard,11,Cornell,4,@Harvard
554,4/08/2007,Harvard,4,Cornell,2,@Harvard
555,4/10/2007,Cornell,3,Binghamton,0,@Cornell
556,4/14/2007,Pennsylvania,4,Cornell,2,@Cornell
557,4/14/2007,Pennsylvania,5,Cornell,4,@Cornell
558,4/21/2007,Columbia,5,Cornell,0,@Columbia
559,4/21/2007,Columbia,7,Cornell,3,@Columbia
560,4/22/2007,Columbia,5,Cornell,2,@Columbia
561,4/22/2007,Cornell,9,Columbia,6,@Columbia
562,4/24/2007,Cornell,11,Pennsylvania,10,@Cornell
563,4/24/2007,Pennsylvania,13,Cornell,1,@Cornell
564,4/28/2007,Princeton,4,Cornell,3,@Princeton
565,4/28/2007,Princeton,7,Cornell,5,@Princeton
566,4/29/2007,Cornell,5,Princeton,4,@Cornell
567,4/29/2007,Princeton,7,Cornell,5,@Cornell
568,2/29/2008,Cornell,1,Siena,0,@neutral
569,3/01/2008,Virginia,12,Cornell,2,@Virginia
570,3/02/2008,Siena,8,Cornell,5,@neutral
571,3/02/2008,Virginia,12,Cornell,3,@Virginia
572,3/07/2008,Cornell,4,LaSalle,0,@LaSalle
573,3/07/2008,LaSalle,1,Cornell,0,@LaSalle
574,3/16/2008,Cornell,4,Penn State,1,@neutral
575,3/16/2008,Cornell,8,Pittsburgh,5,@neutral
576,3/17/2008,Florida Atlantic,11,Cornell,6,@Florida Atlanti
577,3/18/2008,"Miami, Florida",20,Cornell,9,"@Miami, Florida"
578,3/19/2008,Long Island,14,Cornell,12,@neutral
579,3/20/2008,Long Island,14,Cornell,9,@neutral
580,3/21/2008,Cornell,17,New Jersey Tech,2,@neutral
581,3/22/2008,Cornell,11,Southeastern (F,8,@neutral
582,3/30/2008,Dartmouth,11,Cornell,1,@Cornell
583,3/30/2008,Dartmouth,18,Cornell,11,@Cornell
584,4/03/2008,LeMoyne,11,Cornell,5,@Cornell
585,4/05/2008,Brown,11,Cornell,7,@Brown
586,4/05/2008,Brown,5,Cornell,4,@Brown
587,4/06/2008,Yale,2,Cornell,1,@Yale
588,4/06/2008,Yale,6,Cornell,5,@Yale
589,4/08/2008,Cornell,6,Harvard,5,@Cornell
590,4/08/2008,Harvard,2,Cornell,1,@Cornell
591,4/12/2008,Pennsylvania,5,Cornell,2,@Pennsylvania
592,4/13/2008,Cornell,10,Pennsylvania,8,@Pennsylvania
593,4/13/2008,Cornell,16,Pennsylvania,5,@Pennsylvania
594,4/13/2008,Cornell,8,Pennsylvania,1,@Pennsylvania
595,4/15/2008,LeMoyne,2,Cornell,0,@LeMoyne
596,4/15/2008,LeMoyne,4,Cornell,3,@LeMoyne
597,4/19/2008,Columbia,7,Cornell,2,@Cornell
598,4/19/2008,Columbia,8,Cornell,6,@Cornell
599,4/20/2008,Columbia,6,Cornell,2,@Cornell
600,4/20/2008,Cornell,11,Columbia,7,@Cornell
601,4/22/2008,Siena,2,Cornell,1,@Cornell
602,4/22/2008,Siena,2,Cornell,1,@Cornell
603,4/25/2008,Cornell,6,Princeton,5,@Cornell
604,4/25/2008,Princeton,19,Cornell,1,@Cornell
605,4/27/2008,Princeton,3,Cornell,2,@Princeton
606,4/27/2008,Princeton,6,Cornell,3,@Princeton
607,2/28/2009,Cornell,5,Navy,4,@Navy
608,2/28/2009,Cornell,7,Navy,0,@Navy
609,3/07/2009,LaSalle,7,Cornell,2,@LaSalle
610,3/14/2009,Santa Clara,7,Cornell,6,@Santa Clara
611,3/14/2009,Santa Clara,8,Cornell,3,@Santa Clara
612,3/15/2009,Santa Clara,12,Cornell,10,@Santa Clara
613,3/17/2009,St. Mary's,5,Cornell,3,@St. Mary's
614,3/18/2009,St. Mary's,7,Cornell,6,@St. Mary's
615,3/19/2009,Cal State Sacramen,6,Cornell,2,@Cal State Sacra
616,3/20/2009,Cal State Sacramen,9,Cornell,0,@Cal State Sacra
617,3/21/2009,Cal State Sacramen,10,Cornell,6,@Cal State Sacra
618,3/21/2009,Cal State Sacramen,18,Cornell,5,@Cal State Sacra
619,3/28/2009,Brown,10,Cornell,2,@Cornell
620,3/28/2009,Cornell,8,Brown,4,@Cornell
621,3/31/2009,Cornell,4,Yale,2,@Cornell
622,3/31/2009,Yale,3,Cornell,2,@Cornell
623,4/04/2009,Harvard,6,Cornell,5,@Harvard
624,4/04/2009,Harvard,7,Cornell,5,@Harvard
625,4/05/2009,Dartmouth,13,Cornell,8,@Dartmouth
626,4/05/2009,Dartmouth,14,Cornell,11,@Dartmouth
627,4/08/2009,Cornell,3,Binghamton,1,@Cornell
628,4/11/2009,Cornell,12,Pennsylvania,5,@Cornell
629,4/11/2009,Pennsylvania,6,Cornell,3,@Cornell
630,4/12/2009,Cornell,3,Pennsylvania,2,@Cornell
631,4/12/2009,Cornell,6,Pennsylvania,4,@Cornell
632,4/14/2009,Cornell,7,LeMoyne,5,@LeMoyne
633,4/18/2009,Columbia,4,Cornell,2,@Columbia
634,4/18/2009,Cornell,8,Columbia,4,@Columbia
635,4/19/2009,Cornell,3,Columbia,2,@Columbia
636,4/19/2009,Cornell,9,Columbia,7,@Columbia
637,4/21/2009,Cornell,15,Siena,3,@Siena
638,4/21/2009,Siena,7,Cornell,4,@Siena
639,4/24/2009,Cornell,4,Princeton,1,@Princeton
640,4/24/2009,Princeton,2,Cornell,0,@Princeton
641,4/26/2009,Cornell,4,Princeton,3,@Cornell
642,4/26/2009,Princeton,9,Cornell,7,@Cornell
643,4/29/2009,Cornell,9,Princeton,0,@Cornell
644,5/02/2009,Cornell,14,Dartmouth,12,@neutral
645,5/02/2009,Dartmouth,8,Cornell,6,@neutral
646,5/03/2009,Dartmouth,10,Cornell,0,@neutral
647,3/16/2010,Binghamton,5,Cornell,3,@Cornell
648,3/16/2010,Cornell,7,Binghamton,2,@Cornell
649,3/21/2010,Cornell,4,Northwestern,3,@neutral
650,3/22/2010,Cornell,8,Northwestern,7,@neutral
651,3/23/2010,Florida Atlantic,10,Cornell,5,@Florida Atlanti
652,3/24/2010,Florida Atlantic,3,Cornell,2,@Florida Atlanti
653,3/27/2010,Army,4,Cornell,2,@Army
654,3/27/2010,Cornell,10,Army,4,@Army
655,3/28/2010,Army,4,Cornell,0,@Army
656,3/28/2010,Army,5,Cornell,3,@Army
657,3/31/2010,LeMoyne,7,Cornell,6,@LeMoyne
658,4/03/2010,Cornell,2,Dartmouth,0,@Cornell
659,4/03/2010,Dartmouth,16,Cornell,1,@Cornell
660,4/04/2010,Cornell,11,Harvard,2,@Cornell
661,4/04/2010,Harvard,12,Cornell,6,@Cornell
662,4/06/2010,Binghamton,10,Cornell,9,@Cornell
663,4/10/2010,Yale,4,Cornell,3,@Yale
664,4/10/2010,Yale,7,Cornell,5,@Yale
665,4/11/2010,Brown,13,Cornell,6,@Brown
666,4/11/2010,Brown,15,Cornell,4,@Brown
667,4/14/2010,Cornell,10,LeMoyne,7,@Cornell
668,4/14/2010,Cornell,6,LeMoyne,5,@Cornell
669,4/17/2010,Pennsylvania,12,Cornell,2,@Pennsylvania
670,4/17/2010,Pennsylvania,17,Cornell,2,@Pennsylvania
671,4/18/2010,Cornell,10,Pennsylvania,9,@Pennsylvania
672,4/18/2010,Cornell,11,Pennsylvania,6,@Pennsylvania
673,4/20/2010,Cornell,7,Siena,2,@Cornell
674,4/20/2010,Siena,13,Cornell,2,@Cornell
675,4/24/2010,Columbia,3,Cornell,2,@Cornell
676,4/24/2010,Cornell,1,Columbia,0,@Cornell
677,4/25/2010,Columbia,4,Cornell,1,@Cornell
678,4/25/2010,Cornell,7,Columbia,0,@Cornell
679,4/28/2010,Cornell,12,Binghamton,8,@Binghamton
680,4/30/2010,Cornell,4,Princeton,2,@Cornell
681,4/30/2010,Cornell,7,Princeton,3,@Cornell
682,5/02/2010,Cornell,8,Princeton,4,@Princeton
683,5/02/2010,Princeton,8,Cornell,7,@Princeton
684,5/06/2010,Cornell,12,Ithaca,7,@Cornell
685,3/04/2011,Rider,6,Cornell,0,@neutral
686,3/04/2011,Virginia,12,Cornell,1,@Virginia
687,3/05/2011,Rider,8,Cornell,2,@neutral
688,3/05/2011,Virginia,14,Cornell,2,@Virginia
689,3/11/2011,Temple,9,Cornell,6,@Temple
690,3/12/2011,Cornell,9,St. Joseph's,3,@St. Joseph's
691,3/13/2011,Villanova,6,Cornell,3,@Villanova
692,3/19/2011,Radford,4,Cornell,3,@Radford
693,3/19/2011,Radford,5,Cornell,2,@Radford
694,3/20/2011,Radford,6,Cornell,2,@Radford
695,3/22/2011,James Madison,6,Cornell,4,@James Madison
696,3/23/2011,James Madison,13,Cornell,12,@James Madison
697,3/24/2011,Appalachian State,8,Cornell,3,@Appalachian Sta
698,3/25/2011,Appalachian State,8,Cornell,7,@Appalachian Sta
699,3/25/2011,Cornell,5,Appalachian Sta,3,@Appalachian Sta
700,3/30/2011,LeMoyne,9,Cornell,5,@Cornell
701,4/02/2011,Yale,5,Cornell,3,@Cornell
702,4/02/2011,Yale,7,Cornell,2,@Cornell
703,4/03/2011,Brown,5,Cornell,2,@Cornell
704,4/03/2011,Cornell,13,Brown,8,@Cornell
705,4/09/2011,Dartmouth,3,Cornell,2,@Dartmouth
706,4/09/2011,Dartmouth,4,Cornell,2,@Dartmouth
707,4/10/2011,Cornell,18,Harvard,5,@Harvard
708,4/10/2011,Harvard,11,Cornell,8,@Harvard
709,4/12/2011,LeMoyne,19,Cornell,3,@LeMoyne
710,4/12/2011,LeMoyne,5,Cornell,1,@LeMoyne
711,4/16/2011,Columbia,12,Cornell,2,@Columbia
712,4/16/2011,Columbia,2,Cornell,1,@Columbia
713,4/17/2011,Columbia,6,Cornell,0,@Columbia
714,4/17/2011,Cornell,7,Columbia,1,@Columbia
715,4/19/2011,Cornell,9,Siena,0,@Siena
716,4/19/2011,Siena,8,Cornell,3,@Siena
717,4/24/2011,Cornell,4,Pennsylvania,2,@Cornell
718,4/24/2011,Pennsylvania,10,Cornell,2,@Cornell
719,4/25/2011,Cornell,13,Pennsylvania,4,@Cornell
720,4/25/2011,Cornell,3,Pennsylvania,0,@Cornell
721,4/29/2011,Cornell,5,Princeton,0,@Princeton
722,4/29/2011,Princeton,8,Cornell,5,@Princeton
723,5/01/2011,Princeton,6,Cornell,1,@Cornell
724,5/01/2011,Princeton,6,Cornell,3,@Cornell
725,3/02/2012,Cornell,15,Maryland-Easter,4,@Maryland-Easter
726,3/02/2012,Cornell,7,Maryland-Easter,0,@Maryland-Easter
727,3/04/2012,Cornell,13,Maryland-Easter,0,@Maryland-Easter
728,3/04/2012,Cornell,7,Maryland-Easter,5,@Maryland-Easter
729,3/10/2012,Cornell,5,George Washingt,3,@George Washingt
730,3/10/2012,Cornell,6,George Washingt,3,@George Washingt
731,3/11/2012,Cornell,12,George Washingt,3,@George Washingt
732,3/11/2012,George Washington,4,Cornell,3,@George Washingt
733,3/17/2012,Cornell,16,Delaware State,6,@Delaware State
734,3/17/2012,Delaware State,11,Cornell,2,@Delaware State
735,3/18/2012,Cornell,19,Delaware State,6,@Delaware State
736,3/20/2012,Virginia Tech,9,Cornell,6,@Virginia Tech
737,3/21/2012,Virginia Tech,5,Cornell,4,@Virginia Tech
738,3/22/2012,Cornell,5,Longwood,1,@Longwood
739,3/23/2012,Cornell,3,Longwood,1,@Longwood
740,3/23/2012,Cornell,4,Longwood,3,@Longwood
741,3/27/2012,Cornell,5,Albany,2,@Albany
742,3/31/2012,Cornell,12,Harvard,7,@Cornell
743,3/31/2012,Harvard,6,Cornell,2,@Cornell
744,4/01/2012,Cornell,2,Dartmouth,0,@Cornell
745,4/02/2012,Cornell,5,Dartmouth,2,@Cornell
746,4/04/2012,Canisius,7,Cornell,3,@Canisius
747,4/04/2012,Cornell,5,Canisius,4,@Canisius
748,4/07/2012,Cornell,10,Brown,9,@Brown
749,4/07/2012,Cornell,12,Brown,5,@Brown
750,4/08/2012,Cornell,5,Yale,3,@Yale
751,4/08/2012,Cornell,8,Yale,6,@Yale
752,4/11/2012,Binghamton,6,Cornell,4,@Cornell
753,4/14/2012,Cornell,2,Columbia,1,@Cornell
754,4/14/2012,Cornell,3,Columbia,0,@Cornell
755,4/15/2012,Columbia,5,Cornell,1,@Cornell
756,4/15/2012,Cornell,5,Columbia,4,@Cornell
757,4/17/2012,Siena,5,Cornell,4,@Cornell
758,4/17/2012,Siena,6,Cornell,2,@Cornell
759,4/20/2012,Cornell,3,Pennsylvania,0,@Pennsylvania
760,4/20/2012,Cornell,9,Pennsylvania,5,@Pennsylvania
761,4/21/2012,Cornell,3,Pennsylvania,0,@Pennsylvania
762,4/21/2012,Pennsylvania,4,Cornell,3,@Pennsylvania
763,4/25/2012,Cornell,9,Binghamton,5,@Cornell
764,4/27/2012,Princeton,13,Cornell,3,@Cornell
765,4/27/2012,Princeton,1,Cornell,0,@Cornell
766,4/29/2012,Cornell,4,Princeton,3,@Princeton
767,4/29/2012,Princeton,6,Cornell,0,@Princeton
768,5/05/2012,Cornell,11,Dartmouth,3,@neutral
769,5/05/2012,Dartmouth,7,Cornell,1,@neutral
770,5/06/2012,Cornell,3,Dartmouth,1,@neutral
771,6/01/2012,North Carolina,7,Cornell,4,@neutral
772,6/02/2012,East Carolina,10,Cornell,6,@neutral
773,3/01/2013,Cornell,5,Maryland-Easter,3,@Maryland-Easter
774,3/01/2013,St. Peter's,4,Cornell,3,@neutral
775,3/02/2013,Cornell,3,St. Peter's,2,@neutral
776,3/03/2013,Cornell,6,Maryland-Easter,2,@Maryland-Easter
777,3/09/2013,George Washington,4,Cornell,3,@George Washingt
778,3/09/2013,George Washington,5,Cornell,3,@George Washingt
779,3/10/2013,Cornell,7,George Washingt,5,@George Washingt
780,3/10/2013,George Washington,1,Cornell,0,@George Washingt
781,3/16/2013,Appalachian State,9,Cornell,4,@Appalachian Sta
782,3/16/2013,Cornell,15,Appalachian Sta,5,@Appalachian Sta
783,3/17/2013,Cornell,8,Appalachian Sta,4,@Appalachian Sta
784,3/19/2013,Cornell,10,Davidson,9,@Davidson
785,3/20/2013,Cornell,3,Davidson,2,@Davidson
786,3/22/2013,Cornell,3,Villanova,2,@Villanova
787,3/23/2013,Cornell,4,Villanova,0,@Villanova
788,3/24/2013,Cornell,3,Villanova,1,@Villanova
789,3/26/2013,Albany,4,Cornell,1,@Cornell
790,3/26/2013,Cornell,5,Albany,4,@Cornell
791,3/30/2013,Cornell,4,Brown,1,@Cornell
792,3/30/2013,Cornell,6,Brown,1,@Cornell
793,3/31/2013,Cornell,8,Yale,5,@Cornell
794,4/01/2013,Yale,4,Cornell,2,@Cornell
795,4/04/2013,Canisius,14,Cornell,5,@Cornell
796,4/06/2013,Cornell,3,Harvard,1,@Harvard
797,4/06/2013,Harvard,10,Cornell,7,@Harvard
798,4/07/2013,Cornell,3,Dartmouth,0,@Dartmouth
799,4/07/2013,Dartmouth,1,Cornell,0,@Dartmouth
800,4/13/2013,Columbia,5,Cornell,0,@Columbia
801,4/13/2013,Columbia,8,Cornell,1,@Columbia
802,4/14/2013,Columbia,5,Cornell,2,@Columbia
803,4/14/2013,Cornell,5,Columbia,4,@Columbia
804,4/20/2013,Cornell,4,Pennsylvania,2,@Cornell
805,4/20/2013,Pennsylvania,6,Cornell,0,@Cornell
806,4/21/2013,Cornell,3,Pennsylvania,1,@Cornell
807,4/21/2013,Cornell,8,Pennsylvania,2,@Cornell
808,4/23/2013,Binghamton,6,Cornell,5,@Binghamton
809,4/26/2013,Cornell,2,Princeton,1,@Princeton
810,4/26/2013,Cornell,4,Princeton,2,@Princeton
811,4/28/2013,Princeton,4,Cornell,1,@Cornell
812,4/28/2013,Princeton,5,Cornell,2,@Cornell
813,3/01/2014,Cornell,3,Navy,2,@Navy
814,3/01/2014,Navy,4,Cornell,2,@Navy
815,3/02/2014,Cornell,4,Navy,2,@Navy
816,3/08/2014,Cornell,6,George Washingt,2,@George Washingt
817,3/08/2014,George Washington,4,Cornell,3,@George Washingt
818,3/09/2014,Cornell,4,George Washingt,3,@George Washingt
819,3/09/2014,Cornell,8,George Washingt,1,@George Washingt
820,3/15/2014,Cornell,17,James Madison,8,@James Madison
821,3/15/2014,James Madison,16,Cornell,15,@James Madison
822,3/16/2014,Cornell,14,James Madison,8,@James Madison
823,3/22/2014,Sacred Heart,3,Cornell,0,@neutral
824,3/22/2014,Sacred Heart,5,Cornell,3,@neutral
825,3/23/2014,Sacred Heart,2,Cornell,1,@neutral
826,3/23/2014,Sacred Heart,7,Cornell,2,@neutral
827,3/29/2014,Cornell,3,Dartmouth,2,@Cornell
828,3/29/2014,Dartmouth,5,Cornell,4,@Cornell
829,4/01/2014,Cornell,6,Harvard,2,@Cornell
830,4/01/2014,Harvard,6,Cornell,5,@Cornell
831,4/02/2014,Cornell,3,George Mason,2,@George Mason
832,4/02/2014,George Mason,2,Cornell,1,@George Mason
833,4/05/2014,Cornell,6,Yale,4,@Yale
834,4/05/2014,Yale,1,Cornell,0,@Yale
835,4/06/2014,Cornell,4,Brown,1,@Brown
836,4/06/2014,Cornell,6,Brown,5,@Brown
837,4/09/2014,Cornell,6,Binghamton,1,@Binghamton
838,4/12/2014,Cornell,9,Pennsylvania,0,@Pennsylvania
839,4/12/2014,Pennsylvania,11,Cornell,2,@Pennsylvania
840,4/13/2014,Pennsylvania,4,Cornell,2,@Pennsylvania
841,4/13/2014,Pennsylvania,9,Cornell,2,@Pennsylvania
842,4/17/2014,Binghamton,7,Cornell,0,@Cornell
843,4/19/2014,Columbia,1,Cornell,0,@Cornell
844,4/19/2014,Columbia,8,Cornell,0,@Cornell
845,4/20/2014,Columbia,2,Cornell,0,@Cornell
846,4/20/2014,Columbia,8,Cornell,4,@Cornell
847,4/22/2014,Binghamton,8,Cornell,6,@Cornell
848,4/25/2014,Cornell,4,Princeton,2,@Cornell
849,4/25/2014,Cornell,6,Princeton,4,@Cornell
850,4/27/2014,Cornell,4,Princeton,2,@Princeton
851,4/27/2014,Princeton,5,Cornell,4,@Princeton
852,2/21/2015,Gardner-Webb,2,Cornell,1,@Gardner-Webb
853,2/21/2015,Gardner-Webb,3,Cornell,2,@Gardner-Webb
854,2/22/2015,Gardner-Webb,2,Cornell,1,@Gardner-Webb
855,2/27/2015,Seton Hall,3,Cornell,0,@neutral
856,2/28/2015,Cornell,4,Hartford,3,@neutral
857,3/01/2015,Virginia,5,Cornell,4,@neutral
858,3/13/2015,LIU Brooklyn,5,Cornell,4,@neutral
859,3/14/2015,Cornell,8,Bowling Green S,6,@neutral
860,3/14/2015,Maine,13,Cornell,9,@neutral
861,3/15/2015,Huntington,7,Cornell,2,@neutral
862,3/21/2015,Bucknell,2,Cornell,1,@Bucknell
863,3/21/2015,Cornell,3,Bucknell,0,@Bucknell
864,3/22/2015,Bucknell,2,Cornell,1,@Bucknell
865,3/22/2015,Bucknell,8,Cornell,7,@Bucknell
866,3/29/2015,Cornell,10,Yale,1,@Cornell
867,3/29/2015,Cornell,7,Yale,5,@Cornell
868,3/30/2015,Brown,5,Cornell,4,@Cornell
869,3/30/2015,Cornell,10,Brown,6,@Cornell
870,3/31/2015,Richmond,23,Cornell,7,@Richmond
871,4/01/2015,Towson,11,Cornell,5,@Towson
872,4/04/2015,Cornell,1,Dartmouth,0,@Dartmouth
873,4/04/2015,Dartmouth,8,Cornell,5,@Dartmouth
874,4/05/2015,Cornell,5,Harvard,4,@Harvard
875,4/05/2015,Harvard,14,Cornell,2,@Harvard
876,4/07/2015,Binghamton,7,Cornell,3,@Cornell
877,4/11/2015,Pennsylvania,13,Cornell,8,@Cornell
878,4/11/2015,Pennsylvania,9,Cornell,2,@Cornell
879,4/12/2015,Cornell,2,Pennsylvania,0,@Cornell
880,4/12/2015,Pennsylvania,5,Cornell,4,@Cornell
881,4/14/2015,Siena,9,Cornell,2,@Siena
882,4/18/2015,Columbia,4,Cornell,3,@Columbia
883,4/18/2015,Columbia,9,Cornell,8,@Columbia
884,4/19/2015,Columbia,10,Cornell,2,@Columbia
885,4/19/2015,Columbia,20,Cornell,5,@Columbia
886,4/24/2015,Cornell,13,Princeton,4,@Princeton
887,4/24/2015,Princeton,1,Cornell,0,@Princeton
888,4/26/2015,Cornell,10,Princeton,0,@Cornell
889,4/26/2015,Cornell,2,Princeton,1,@Cornell
890,4/29/2015,Canisius,6,Cornell,1,@Cornell
891,4/29/2015,Cornell,4,Canisius,3,@Cornell
892,3/05/2016,Cornell,7,Northeastern,5,@neutral
893,3/05/2016,Northeastern,6,Cornell,0,@neutral
894,3/06/2016,Northeastern,11,Cornell,0,@neutral
895,3/12/2016,Cornell,12,Wofford,5,@Wofford
896,3/12/2016,Wofford,5,Cornell,1,@Wofford
897,3/13/2016,Cornell,6,Wofford,2,@Wofford
898,3/18/2016,Cornell,8,Bucknell,6,@Bucknell
899,3/19/2016,Bucknell,12,Cornell,3,@Bucknell
900,3/19/2016,Cornell,5,Bucknell,2,@Bucknell
901,3/20/2016,Cornell,3,Bucknell,2,@Bucknell
902,3/25/2016,Central Florida,4,Cornell,3,@Central Florida
903,3/26/2016,Central Florida,8,Cornell,3,@Central Florida
904,3/27/2016,Central Florida,16,Cornell,0,@Central Florida
905,3/30/2016,Rollins,13,Cornell,5,@Rollins
906,3/30/2016,Rollins,6,Cornell,5,@Rollins
907,4/02/2016,Cornell,5,Harvard,1,@Cornell
908,4/02/2016,Cornell,6,Harvard,4,@Cornell
909,4/09/2016,Brown,4,Cornell,2,@Brown
910,4/09/2016,Brown,7,Cornell,6,@Brown
911,4/10/2016,Yale,4,Cornell,2,@Yale
912,4/10/2016,Yale,9,Cornell,8,@Yale
913,4/13/2016,Cornell,3,Binghamton,2,@Cornell
914,4/16/2016,Columbia,14,Cornell,4,@Cornell
915,4/16/2016,Cornell,9,Columbia,3,@Cornell
916,4/17/2016,Cornell,4,Columbia,3,@Cornell
917,4/17/2016,Cornell,7,Columbia,4,@Cornell
918,4/20/2016,Dartmouth,3,Cornell,1,@Cornell
919,4/20/2016,Dartmouth,9,Cornell,3,@Cornell
920,4/23/2016,Cornell,7,Pennsylvania,4,@Pennsylvania
921,4/23/2016,Pennsylvania,13,Cornell,2,@Pennsylvania
922,4/24/2016,Pennsylvania,16,Cornell,5,@Pennsylvania
923,4/24/2016,Pennsylvania,3,Cornell,2,@Pennsylvania
924,4/26/2016,Canisius,1,Cornell,0,@Canisius
925,4/26/2016,Canisius,6,Cornell,4,@Canisius
926,4/29/2016,Princeton,4,Cornell,3,@Cornell
927,4/29/2016,Princeton,6,Cornell,1,@Cornell
928,4/30/2016,Cornell,4,Princeton,3,@Princeton
929,4/30/2016,Princeton,7,Cornell,2,@Princeton
930,3/04/2017,Cornell,5,Navy,2,@Navy
931,3/04/2017,Navy,8,Cornell,7,@Navy
932,3/05/2017,Cornell,8,Navy,5,@Navy
933,3/10/2017,Cornell,7,George Mason,3,@George Mason
934,3/11/2017,George Mason,11,Cornell,4,@George Mason
935,3/12/2017,Cornell,9,George Mason,3,@George Mason
936,3/17/2017,Richmond,8,Cornell,7,@Richmond
937,3/18/2017,Cornell,3,Campbell,2,@Cornell
938,3/19/2017,Cornell,2,Michigan State,1,@Michigan State
939,3/25/2017,Cornell,11,Bucknell,4,@Bucknell
940,3/25/2017,Cornell,5,Bucknell,2,@Bucknell
941,3/26/2017,Bucknell,1,Cornell,0,@Bucknell
942,3/26/2017,Cornell,7,Bucknell,3,@Bucknell
943,3/29/2017,Penn State,8,Cornell,2,@Penn State
944,4/01/2017,Brown,7,Cornell,4,@Cornell
945,4/01/2017,Brown,8,Cornell,1,@Cornell
946,4/02/2017,Cornell,6,Yale,4,@Cornell
947,4/02/2017,Yale,7,Cornell,2,@Cornell
948,4/04/2017,Georgetown,3,Cornell,1,@Georgetown
949,4/05/2017,Cornell,27,Towson,14,@Towson
950,4/08/2017,Cornell,9,Harvard,5,@Harvard
951,4/08/2017,Harvard,7,Cornell,5,@Harvard
952,4/09/2017,Cornell,2,Dartmouth,0,@Dartmouth
953,4/09/2017,Dartmouth,5,Cornell,0,@Dartmouth
954,4/12/2017,Cornell,6,Binghamton,4,@Cornell
955,4/15/2017,Cornell,12,Columbia,6,@Columbia
956,4/15/2017,Cornell,8,Columbia,7,@Columbia
957,4/16/2017,Columbia,8,Cornell,7,@Columbia
958,4/16/2017,Cornell,9,Columbia,5,@Columbia
959,4/22/2017,Cornell,2,Pennsylvania,0,@Cornell
960,4/22/2017,Pennsylvania,5,Cornell,0,@Cornell
961,4/23/2017,Pennsylvania,3,Cornell,2,@Cornell
962,4/23/2017,Pennsylvania,4,Cornell,0,@Cornell
963,4/26/2017,Cornell,10,Binghamton,2,@Binghamton
964,4/28/2017,Princeton,9,Cornell,5,@Princeton
965,4/28/2017,Princeton,9,Cornell,7,@Princeton
966,4/30/2017,Cornell,13,Princeton,1,@Cornell
967,4/30/2017,Cornell,5,Princeton,1,@Cornell
968,2/23/2018,Texas A&M,22,Cornell,0,@Texas A&M
969,2/23/2018,Texas A&M,3,Cornell,2,@Texas A&M
970,2/24/2018,Texas A&M,8,Cornell,2,@Texas A&M
971,3/02/2018,Duke,8,Cornell,3,@Duke
972,3/03/2018,Duke,7,Cornell,2,@Duke
973,3/04/2018,Duke,7,Cornell,2,@Duke
974,3/17/2018,Cornell,4,Fordham,3,@Fordham
975,3/17/2018,Fordham,4,Cornell,3,@Fordham
976,3/18/2018,Fordham,5,Cornell,3,@Fordham
977,3/25/2018,Cornell,17,Niagara,5,@Cornell
978,3/25/2018,Niagara,7,Cornell,4,@Cornell
979,3/28/2018,Cornell,10,Penn State,6,@Penn State
980,3/31/2018,Cornell,5,Princeton,2,@Princeton
981,3/31/2018,Princeton,10,Cornell,4,@Princeton
982,4/01/2018,Princeton,7,Cornell,6,@Princeton
983,4/04/2018,Cornell,6,Canisius,5,@Cornell
984,4/07/2018,Yale,7,Cornell,4,@Cornell
985,4/08/2018,Yale,8,Cornell,7,@Cornell
986,4/09/2018,Yale,7,Cornell,4,@Cornell
987,4/14/2018,Cornell,8,Dartmouth,3,@Cornell
988,4/14/2018,Dartmouth,4,Cornell,2,@Cornell
989,4/15/2018,Dartmouth,5,Cornell,3,@Cornell
990,4/21/2018,Cornell,10,Pennsylvania,9,@Pennsylvania
991,4/21/2018,Pennsylvania,9,Cornell,5,@Pennsylvania
992,4/22/2018,Cornell,7,Pennsylvania,6,@Pennsylvania
993,4/24/2018,Cornell,12,Binghamton,3,@Binghamton
994,4/28/2018,Cornell,10,Harvard,8,@Cornell
995,4/28/2018,Cornell,7,Harvard,4,@Cornell
996,4/29/2018,Harvard,6,Cornell,2,@Cornell
997,5/02/2018,Binghamton,11,Cornell,1,@Binghamton
998,5/05/2018,Brown,7,Cornell,6,@Brown
999,5/05/2018,Cornell,10,Brown,7,@Brown
1000,5/06/2018,Cornell,4,Brown,2,@Brown
1001,5/12/2018,Columbia,3,Cornell,2,@Cornell
1002,5/12/2018,Cornell,14,Columbia,2,@Cornell
1003,5/13/2018,Columbia,3,Cornell,2,@Cornell
1004,2/22/2019,Baylor,17,Cornell,0,@Baylor
1005,2/23/2019,Baylor,10,Cornell,3,@Baylor
1006,2/24/2019,Baylor,12,Cornell,4,@Baylor
1007,3/01/2019,Virginia Commonwea,6,Cornell,1,@Virginia Common
1008,3/02/2019,Virginia Commonwea,2,Cornell,0,@Virginia Common
1009,3/02/2019,Virginia Commonwea,9,Cornell,3,@Virginia Common
1010,3/09/2019,Cornell,3,Navy,2,@Navy
1011,3/09/2019,Navy,2,Cornell,1,@Navy
1012,3/10/2019,Navy,5,Cornell,1,@Navy
1013,3/16/2019,Cornell,1,Fordham,0,@Fordham
1014,3/16/2019,Cornell,4,Towson,2,@Towson
1015,3/17/2019,Towson,3,Cornell,2,@Towson
1016,3/23/2019,Columbia,3,Cornell,0,@Columbia
1017,3/24/2019,Columbia,13,Cornell,8,@Columbia
1018,3/24/2019,Cornell,4,Columbia,3,@Columbia
1019,3/30/2019,Cornell,3,Yale,0,@Yale
1020,3/30/2019,Yale,2,Cornell,0,@Yale
1021,4/01/2019,Yale,7,Cornell,2,@Yale
1022,4/02/2019,Cornell,8,St. Bonaventure,1,@Cornell
1023,4/03/2019,Cornell,4,Army,1,@Army
1024,4/06/2019,Brown,11,Cornell,3,@Cornell
1025,4/06/2019,Brown,2,Cornell,1,@Cornell
1026,4/07/2019,Brown,7,Cornell,3,@Cornell
1027,4/09/2019,Binghamton,8,Cornell,4,@Cornell
1028,4/13/2019,Harvard,7,Cornell,1,@Harvard
1029,4/13/2019,Harvard,8,Cornell,6,@Harvard
1030,4/14/2019,Cornell,2,Harvard,0,@Harvard
1031,4/20/2019,Cornell,15,Princeton,9,@Cornell
1032,4/20/2019,Princeton,7,Cornell,2,@Cornell
1033,4/21/2019,Princeton,4,Cornell,2,@Cornell
1034,4/27/2019,Cornell,4,Pennsylvania,3,@Cornell
1035,4/27/2019,Pennsylvania,6,Cornell,2,@Cornell
1036,4/28/2019,Cornell,8,Pennsylvania,7,@Cornell
1037,5/01/2019,Cornell,5,Binghamton,2,@Binghamton
1038,5/04/2019,Cornell,2,Dartmouth,1,@Dartmouth
1039,5/04/2019,Cornell,8,Dartmouth,6,@Dartmouth
1040,5/05/2019,Dartmouth,6,Cornell,1,@Dartmouth
1041,5/07/2019,St. Bonaventure,9,Cornell,8,@St. Bonaventure
1042,2/21/2020,Duke,8,Cornell,0,@Duke
1043,2/22/2020,Duke,2,Cornell,0,@Duke
1044,2/23/2020,Duke,3,Cornell,1,@Duke
1045,2/29/2020,Niagara,8,Cornell,4,@neutral
1046,2/29/2020,Niagara,8,Cornell,6,@neutral
1047,3/01/2020,Cornell,6,Niagara,5,@neutral
1048,3/06/2020,South Carolina,10,Cornell,2,@South Carolina
1049,3/07/2020,South Carolina,10,Cornell,3,@South Carolina
1050,3/08/2020,South Carolina,6,Cornell,1,@South Carolina
